Symbole,Description,Prix,Prix - Devise,Changement de prix % 1 jour,Performance % 1 semaine,Performance % 1 mois,Performance % 3 mois,Performance % 6 mois,Performance % Année écoulée,Performance % 1 année,Performance % 5 années,Performance % 10 années,Performance % Tout l'historique,Moyenne mobile simple (21) 1 jour,Moyenne mobile simple (200) 1 jour
GBTC,Grayscale Bitcoin Trust (BTC),88.1,USD,-1.8821695066265864,-5.197460454105253,-6.116794543904528,2.692621517659387,12.257900101936787,15.253793825222392,85.94343604896578,535.6421356421356,27545.200058993163,20997.652676600042,91.65142857142853,78.12970000000001
SMH,VanEck Semiconductor ETF,287.46,USD,-0.5191029900332226,-3.536912751677859,-0.7852002692115326,22.203281030136328,11.267660150957983,17.560935710780292,15.631536604987927,232.66982988080085,1220.7443142660234,524.9130434782608,292.07857142857137,247.93794999999983
IITU,iShares S&P 500 Information Technology Sector UCITS ETF,2811,GBX,-0.5307855626326964,-3.0689655172413794,1.5534682080924855,14.89883507050889,3.0142006413192854,3.1559633027522938,14.804982642434144,149.31263858093126,741.2389897123744,741.2389897123744,2863.2380952380936,2585.132499999995
SOXX,iShares Semiconductor ETF,242.36,USD,-0.5661770739312363,-3.1953986259785907,-1.4956917574378064,20.8958946475782,4.573696927856413,11.337743476662995,3.9235024227091486,140.55607241849444,882.8071601856856,905.6441549983286,244.2495238095234,216.32515000000018
XLE,SPDR Select Sector Fund - Energy Select Sector,86.38,USD,0.6877258421727347,0.9347978499649418,1.6594092032482013,6.628811257869387,-6.4138678223185295,0.02315886984714685,-3.2048408785298066,138.2896551724138,44.47231978591737,270.5308310991957,85.95095238095223,87.51314999999968
TQQQ,ProShares UltraPro QQQ,86.49,USD,-1.3909474404286841,-7.832480818414331,-1.860887325541814,32.87755415578428,-3.653781887044671,7.387633474050147,21.50885080078672,136.61856234183705,2665.8390575233125,21157.14285714286,89.8397619047619,75.41622499999997
FBTC,Fidelity Wise Origin Bitcoin Fund,97.79,USD,-1.8960674157303377,-5.2514291250847664,-6.079523626584708,3.0018959342742875,12.947562947562957,16.057441253263708,87.91314373558802,132.8887830435818,132.8887830435818,132.8887830435818,101.72238095238097,86.35497499999998
IYW,iShares U.S. Technology ETF,178.6,USD,-0.3737379371897227,-3.166341357623077,-0.34594353308782755,15.868690800570917,7.532060930820633,11.145684236729103,19.46488294314381,131.48958232072843,697.9448229643695,543.2414181204277,181.6933333333333,159.83555000000015
SPMO,Invesco S&P 500 Momentum ETF,114.79,USD,-0.6319252077562239,-2.4143500807617015,0.9497845396183384,12.638602688646854,12.462035857744699,19.822546972860135,28.25698324022347,128.30151153540177,355.1546391752577,355.1546391752577,116.00428571428563,101.17514999999997
IBIT,iShares Bitcoin Trust,63.69,USD,-1.8644067796610293,-5.237315875613742,-6.020362992474544,3.041579032519002,12.945557723000528,16.021495582475623,87.98701298701296,127.95275590551181,127.95275590551181,127.95275590551181,66.22333333333337,56.216975000000026
XLK,SPDR Select Sector Fund - Technology,258.91,USD,-0.36174716182412836,-3.0117999625397878,-0.8121671838485798,14.892389616152666,7.217989067417607,10.475337088240318,15.378787878787886,116.40755600133737,599.5676844096191,698.9508196721313,263.4014285714285,233.25820000000044
FTEC,Fidelity MSCI Information Technology Index ETF,202.91,USD,-0.22128245476003985,-2.9742265576435707,-0.602527677084349,15.473480537218302,6.135579035463956,8.793094204064127,17.779196656605524,115.95359727543637,554.1263700838169,696.037661828168,206.12952380952413,183.24479999999983
XLF,SPDR Select Sector Fund - Financial,52.7,USD,-0.3215434083601184,-0.018971732119138704,0.38095238095238637,6.282141776747005,2.5092394475783046,8.480856319473045,19.93627674101048,115.54192229038857,192.5275854345686,176.58852874531573,52.41999999999993,50.22530000000006
VFH,Vanguard Financials ETF,128.63,USD,-0.31773093614382875,-0.2172058024978676,0.2962962962962927,7.559160464921809,2.6166733147187884,8.393022667902581,20.75666541494555,114.77709133411253,170.8,159.75363489499188,128.03476190476195,122.065
VGT,Vanguard Information Tech ETF,682.08,USD,-0.2646624457149462,-2.8929384965831346,-0.6192356446607317,15.467826852431818,6.114067021375909,8.784688995215317,17.825493617094796,114.34901480154618,585.7832294389705,1299.4252360637597,692.8519047619059,616.04915
AVUV,Avantis U.S. Small Cap Value ETF,95.24,USD,0.3476978189864064,-1.1109957429135162,1.2007225587078902,10.654118740560012,-1.915550978372811,-2.2477676280406564,2.4306302430630145,113.73429084380608,89.79673176564367,89.79673176564367,94.06428571428579,93.09294999999993
CNDX,ISHARES NASDAQ 100 UCITS ETF USD (ACC),1142.2,EUR,-0.2619629758994062,-2.4594363791631046,1.2588652482269544,7.007682218474794,-5.02245135539663,-2.2758384668035516,12.354908518591385,109.46268493421393,442.4711140780848,1152.824421472511,1153.3619047619043,1108.425
SXRV,iShares NASDAQ 100 UCITS ETF USD,1142.2,EUR,-0.24454148471615322,-2.492743725456722,1.2768221315836221,6.987635818658687,-5.006653359946776,-2.2758384668035516,12.354908518591385,109.42426808125163,442.7675346892226,1091.5293011524172,1153.3142857142864,1107.7659999999998
IS.FF701,ISH.FRF NDX 100,453800,ILA,0.576241134751773,-1.9658673579606827,1.8402154398563735,4.803695150115473,1.453163424994411,2.669683257918552,8.460803059273422,109.12442396313364,201.1280690112807,201.1280690112807,453376.1904761905,430686
JREU,US Research Enhanced Index Equity Active UCITS ETF,54.66,EUR,-0.09139097057211527,-1.0499637943519287,1.8446059250978104,6.5704815753558155,-5.709849922373645,-3.987352889513443,8.409365664790382,106.2641509433962,159.4825416813415,159.4825416813415,54.55952380952384,53.91837500000003
CSNDX,iShares NASDAQ 100 UCITS ETF USD,1142.13,EUR,-0.11019861989347386,-2.239170069075303,1.2499667562033046,6.984085352716934,-5.049589731226133,-2.27179381866721,12.393351636997023,106.00820003291066,441.55052354435867,1327.127345084685,1151.7333333333324,1107.07035
SCHG,Schwab U.S. Large-Cap Growth ETF,30.01,USD,-0.3652058432934908,-2.024159320927187,0.5360134003350088,11.89410887397465,4.564459930313597,7.102069950035696,17.455968688845406,105.95350433216096,395.6234516928159,844.4531864673486,30.278571428571365,27.674150000000004
ISVAF,IShares VII PLC,1330.5037,USD,-0.2802787167827719,-2.6472342159813222,0.07817433847795488,11.20913034033243,5.560370089423393,9.875877352931077,17.53566254416961,105.38683163019418,206.97324529689683,206.97324529689683,1341.5001095238106,1215.4232794999996
VUAA,Vanguard S&P 500 UCITS ETF,105.205,EUR,-0.0712386018237109,-1.0766337564645003,2.0417070805043687,6.6901265617394055,-5.207910978961122,-3.1529043542299524,10.11157278438806,104.97408720726337,99.29719630587239,99.29719630587239,105.08499999999991,103.33064000000005
IWY,iShares Russell Top 200 Growth ETF,254.48,USD,-0.45765695286525165,-2.333435677003382,0.648631545641507,12.601769911504421,5.235298982714414,7.79853433303681,17.711272491789625,104.8458504387024,409.0618123624724,918.7349879903923,256.86190476190484,232.8928000000002
VUAA,Vanguard S&P 500 UCITS ETF,105.23,EUR,-0.028500855025651847,-0.4729026766291497,2.056056638541368,6.745790221140196,-5.198198198198194,-3.1120522972101976,10.20002325269711,104.33009708737865,99.79116004523107,99.79116004523107,104.9971428571429,103.29465000000006
0050,YUANTA SECURITIES INV TRUST CO LTD TAIWAN TOP 50 ETF,51.75,TWD,-0.4807692307692308,-2.6340545625587932,2.27272727272727,13.269493844049247,5.343511450381679,5.801175568617427,13.673799358934689,102.6431718061674,250.25381895952012,337.6321445588191,51.97857142857143,47.51174999999999
CSNDX.USD,ISH NASDAQ 100 USD A,1324.6,USD,-0.43595911004210625,-3.115857226448225,0.045317220543799774,9.706808017227084,4.91050213844448,9.907069366080306,16.848976711362035,102.47630384475228,495.3793599424667,1170.8433272570276,1341.2571428571423,1215.3655000000006
CNDX,iShares NASDAQ 100 UCITS ETF USD,1324.6,USD,-0.42098932491355706,-3.9727417717848468,0.8834729626808765,9.688638622060285,4.890564125304868,9.462027931575903,16.904654925188876,102.46393070530584,439.9478012413256,1196.7205090553107,1340.361904761905,1217.594624999999
AMLP,Alerian MLP ETF,48.13,USD,0.14565126924677543,-0.4755996691480498,-0.6809739991745735,0.6482643245504021,-7.832248180773644,-0.4550155118924485,3.3941997851772405,101.29652864910081,-28.164179104477608,-36.46204620462046,48.90571428571424,49.42799999999997
CIBR,First Trust NASDAQ Cybersecurity ETF,71.59,USD,-0.4311543810848432,-1.0641238253178498,-4.118395499899555,2.096406160867083,2.623279816513759,11.19913016464742,21.56563083715402,100.7571508693214,270.1654601861427,257.95,72.5238095238095,67.80279999999998
DYNF,iShares U.S. Equity Factor Rotation Active ETF,56.25,USD,-0.40722379603398884,-1.2464887640449454,1.2601260126012652,10.83743842364532,5.238540692235729,9.096198603568654,16.36326023996689,100.12950602701126,124.55089820359281,124.55089820359281,56.29333333333336,51.975150000000006
XLG,Invesco S&P 500 Top 50 ETF,54,USD,-0.3690036900369056,-1.7109574080815395,1.1994002998500761,12.54689453939142,4.854368932038835,7.676969092721837,15.681233933161954,100.02222469163242,301.06951871657753,492.75514898406715,54.204285714285774,49.700250000000025
MGK,Vanguard Mega Cap Growth ETF,378.2,USD,-0.3609347419448335,-2.42518059855522,0.4328544493719615,12.744075122969146,6.203139479374343,9.63907812726482,19.370009153173626,99.46205368915139,378.55244843730225,651.5896757572185,381.96952380952433,343.44304999999986
VGFPF,Vanguard Funds PLC,121.6408,USD,-0.9359068328039803,-1.6328643053533867,0.9297188938294981,9.129926918239214,4.646069087974726,7.971595952423222,14.242994867363857,98.92199509403108,144.03762857332012,144.03762857332012,121.50655714285709,111.85247350000007
VUAA,Vanguard S&P 500 UCITS ETF,122.02,USD,-0.24525833878351633,-1.7077493152891934,0.842975206611567,9.45461069250089,4.720219704771713,8.462222222222218,11.028207461328472,98.66493645929457,142.2473742753102,142.2473742753102,122.12190476190504,113.51495000000017
VONG,Vanguard Russell 1000 Growth ETF,112.85,USD,-0.344401271635465,-2.353551959851172,0.6421118344778373,12.940352281825453,5.664794007490634,8.624506689768017,19.165786694825755,98.4873801776449,365.36082474226805,771.2603744450878,113.90190476190489,102.96725000000002
IWF,iShares Russell 1000 Growth ETF,438.43,USD,-0.42697190615702474,-2.284478915931176,0.6219590562746671,12.910121040432655,5.80640490382991,8.734902408174408,19.190408873423237,98.26798715687605,398.0461206406907,460.7418065547562,442.61095238095254,400.07260000000036
COWZ,Pacer US Cash Cows 100 ETF,57,USD,-0.05260389268806091,0.9564293304994671,1.8584703359542516,7.709750566893421,-3.0117406840224654,0.19335559852346534,1.3874066168623287,98.12579945498025,126.9108280254777,126.9108280254777,56.31523809523804,56.0129249999999
VFV,VANGUARD INVESTMENTS CANADA INC S&P 500 INDEX ETF,157.28,CAD,-0.15236160487557712,-0.45569620253164483,2.6765896331113685,11.081291051627938,2.05035037633013,3.9592834952739833,16.10807618485161,97.960981749528,235.42333120068244,535.9886777193692,156.05380952380943,147.96304999999992
CNX1,iShares NASDAQ 100 UCITS ETF USD,98820,GBX,-0.24227740763173833,-2.032318826211956,1.0222858311183807,10.118119010474704,-0.8846362159234519,2.2526204691493437,14.186011578059462,97.92104788800096,531.3570150779453,1394.5553539019963,99917.14285714286,93600.2225
CNX1.GB,iShares NASDAQ 100 UCITS ETF USD,98643.9999,GBX,-0.32536446827662535,-2.2024379021592497,0.8377244955632444,12.077624028083742,-0.9413903885298077,2.0161434186885985,13.952886613103683,97.64890670364086,280.18376306539636,280.18376306539636,99878.9340761905,93630.22384649995
VUAG.GB,Vanguard S&P 500 UCITS ETF,90.9946,GBP,-0.059199217999196835,-0.6316272263658369,1.7528243675574962,9.753702899599562,-1.0309704434836882,1.2519264043974911,11.817198751505327,97.63604574134206,103.22635399218316,103.22635399218316,91.01402380952372,87.31028799999986
QQQ,"Invesco QQQ Trust, Series 1",563.28,USD,-0.4629793249690766,-2.593899149201079,-0.18075491759701964,11.280572128491833,4.624986069319064,9.523624343768233,17.09385718740255,97.60050515680908,497.77141037886014,1001.7701711491443,569.2957142857147,516.3082999999999
GPSA,iShares IV PLC - iShares MSCI USA Screened UCITS ETF Accum Shs Unhedged USD,9.796,GBP,-0.0561138601234647,-0.9003540718260031,1.5550487248600307,9.968567579703636,-1.2041874256207579,1.1461022199277116,12.974282089724369,97.20181177654753,119.45673480817696,119.45673480817696,9.82097619047621,9.386942500000004
ZSP,BMO ASSET MANAGEMENT INC S&P 500 INDEX ETF,96.965,CAD,-0.15959637561779358,-0.3545370465522545,2.608465608465612,11.14740944520863,2.0576781391432464,3.9616168114077492,16.29287598944592,97.08333333333333,224.94973190348526,528.8261997405966,96.2261904761905,91.19975000000001
OEF,iShares S&P 100 ETF,314.77,USD,-0.39869632629813345,-1.4341631438860312,1.2284933269014289,12.113548938595239,5.281289718375799,8.518927118527195,16.237075332348585,96.89122411959715,265.58652729384437,356.45295005032625,315.4676190476191,289.7278000000002
XD9U,Xtrackers MSCI USA UCITS ETF,187.05,USD,-0.2931769722814408,-1.7284858673951833,0.6944444444444555,9.366777758288025,4.784045711724845,8.529155787641438,14.959122674751232,96.04862399963845,260.96101891161715,277.38324175089764,187.38095238095235,174.11190000000002
XLI,SPDR Select Sector Fund - Industrial,150.68,USD,-0.35709562227218095,-0.5084186200065909,0.36634916405782414,7.867420717302605,9.188405797101455,13.523694718601687,18.004542250763574,95.7900207900208,214.50636610311005,548.951569383509,151.6404761904761,139.17594999999994
RDVY,First Trust Rising Dividend Achievers ETF,64.6,USD,-0.2162496138399762,-0.9809932556713682,1.989264287969673,9.343263371699383,2.8007638446848993,8.389261744966431,12.976565232598801,95.40229885057468,222.1945137157107,223.16158079039522,64.19000000000001,60.9409
1306,NOMURA ASSET MANAGEMENT CO LTD NEXT FUNDS TOPIX ETF,3220,JPY,0.5307524196066188,0.8455997494519261,7.71031945141328,11.149464963755609,12.626792584819867,10.010249402118209,16.455696202531644,94.5619335347432,99.87585350713843,207.5453677172875,3128.5238095238096,2897.1375
VUG,Vanguard Growth ETF,451.18,USD,-0.41275797373358447,-2.327192431753729,0.21990715031431377,12.24220712988531,5.893397798483821,9.28159666715109,19.54321445604366,94.39034898750539,362.6538146021329,811.2908324158416,456.0371428571434,411.5255999999996
1305,DAIWA ASSET MANAGEMENT IFREEETF TOPIX (YEARLY DIVIDEND TYPE),3251,JPY,0.4324992276799506,0.7125154894671624,7.6490066225165565,11.069354287666552,12.530287296642436,9.979702300405954,16.294043999284565,94.32157800358637,98.71638141809291,211.39846743295018,3161.2380952380954,2927.9275
1308,NIKKO ASSET MANAGEMENT CO LTD EXCHANGE TRADED INDEX TOPIX JPY INC NAV,3179,JPY,0.4423380726698263,0.7926442612555485,7.6532339993227225,11.114994757077945,12.491153573956122,9.961950882047734,16.276517922457938,94.31540342298288,98.6875,210.752688172043,3091.3333333333335,2862.21
CSP1,iShares Core S&P 500 UCITS ETF,50759,GBX,-0.08267553788311253,-0.601182783065053,1.7438713944957807,9.791919017130992,-1.0449361536212107,1.1820755093090938,11.853239312472455,94.21104989286808,315.37643207855973,720.2811893988364,50768.09523809524,48676.49
1475,BLACKROCK JAPAN CO LTD ISHARES CORE TOPIX ETF,317.1,JPY,0.5708848715509075,0.858778625954213,6.37370010063737,12.486697410429247,13.819095477386934,9.989594172736735,16.538033203306398,94.18248622167789,110.55776892430282,110.55776892430282,309.9714285714285,284.1780000000005
VUAG,Vanguard S&P 500 UCITS ETF,91.02,GBP,-0.10974539069360022,-1.0652173913043521,1.7665474060822879,9.702302036880798,-1.0544624415697346,1.290896950812371,11.88691117115946,94.07248639349737,130.83946233832108,130.83946233832108,91.02928571428579,87.28552500000004
1348,MITSUBISHI UFJ ASSET MANAGEMENT CO MAXIS TOPIX ETF,3208,JPY,0.5012531328320802,0.8487896887771141,7.6871433366901645,12.383955158521632,13.75886524822695,9.97600274254371,16.231884057971016,93.9540507859734,98.76084262701363,269.15995397008055,3118.0476190476193,2870.8
SPY5,SPDR S&P 500 UCITS ETF,549.52,EUR,-0.11269858581452077,-1.0907520069117065,2.0350564468211596,6.355965007354656,-5.736242623850702,-3.6943568173852155,8.88915309317163,92.26085675387105,225.60289150915446,418.1706742102782,548.9047619047622,541.8828999999994
VUSA,VANGUARD FUNDS PLC S&P 500 UCITS ETF USD DIS,104.237,EUR,-0.0738155952221161,-1.0855846879418543,2.045071856521908,6.389254620982466,-5.758277127823084,-3.718722001053001,8.900100108650404,92.15255434761168,224.37220005428347,344.3180070041776,104.12309523809525,102.81694499999979
CNDX.GB,iShares NASDAQ 100 UCITS ETF USD,1333.922,USD,1.1352987380851962,-2.2966751093916398,0.6792852711329421,10.161552196009845,5.234665726283939,10.227932300556766,19.843195684386437,92.13303181759258,92.13303181759258,92.13303181759258,1328.1975238095238,1184.9170049999993
1591,NOMURA ASSET MANAGEMENT CO LTD NEXT FUNDS JPX-NIKKEI 400 ETF,27910,JPY,0.35958288385472853,0.7581227436823105,7.346153846153846,12.699374116696951,12.90453074433657,9.601413705085411,13.686354378818738,92.08534067446662,101.37085137085137,149.86571172784244,27206.190476190477,25040.3
VUSA,Vanguard S&P 500 UCITS ETF,104.235,EUR,-0.08148006134968726,-1.1006214716068092,2.0211412351962394,6.401331101220858,-5.772012294340991,-3.709006928406467,8.879811677357965,92.04620473052168,153.24344023323616,153.24344023323616,104.117142857143,102.77609000000018
CSP500,10X S&P 500,11283,ZAC,-0.6953001232177434,-1.3896171997902464,1.6486486486486487,7.487853672477851,-0.4148278905560459,0.29333333333333333,10.628492989508775,91.59449821701477,276.6021361815754,276.6021361815754,11355.238095238095,10876.625
QQQM,Invesco NASDAQ 100 ETF,231.92,USD,-0.4507018070996315,-2.591457012054272,-0.1635815755488695,11.280648721270568,4.642873257230515,9.525383707201883,17.149062989341815,91.54278163197884,91.54278163197884,91.54278163197884,234.35452380952384,212.55527499999997
VOOG,Vanguard S&P 500 Growth ETF,408.08,USD,-0.40513496363548224,-1.8117947113880872,0.3467184695207338,12.288811843046602,6.7294363802798385,10.822040572468284,20.683740462530313,91.48796396227299,316.32319934707203,700.3136300620456,411.9166666666667,370.1578000000004
IVW,iShares S&P 500 Growth ETF,113.11,USD,-0.44010210368805563,-1.8568329718004344,0.3548930884571074,12.178915005454726,6.687417468402192,10.772696112036039,20.624933347552528,91.33891567284107,345.6219836501527,458.5679012345679,114.2085714285715,102.62129999999999
SPYG,SPDR Series Trust SPDR Portfolio S&P 500 Growth ETF,97.96,USD,-0.4269160398454988,-1.8731844135029596,0.34828928498257444,12.236480293308883,6.72186512692013,10.814479638009036,20.61068702290076,91.14146341463413,321.6507048315936,302.6615285806037,98.88714285714283,88.87150000000001
XDWD,Xtrackers MSCI World UCITS ETF,114.235,EUR,-0.06998206709530534,-0.7989231904823948,2.1505857104533677,5.665525853297567,-3.235779933082044,-0.04812319538017921,10.735750290810394,90.64586751154431,203.25194070888986,234.90177851358027,113.67285714285734,111.0700800000001
VUSA,Vanguard S&P 500 UCITS ETF,104.19,EUR,-0.09588647041903205,-0.5251097956845495,1.9671168526130267,6.338028169014077,-5.838228648892913,-3.777244181751019,8.825989321620831,89.60873176326238,136.4461644490222,136.4461644490222,104.02571428571416,102.74125000000005
FNDX,Schwab Fundamental U.S. Large Company ETF,25.29,USD,-0.1973164956590399,0.03955696202530858,1.8525976641159922,8.914728682170544,1.7296862429605782,6.260504201680665,9.055736481350962,89.24937857339953,159.38487476949015,203.72328210598823,25.010476190476236,24.085750000000033
IUSG,iShares Core S&P U.S. Growth ETF,154.54,USD,-0.39958752255736313,-1.954066742799145,0.2985462097611497,12.01797622499274,6.308041549150435,10.385714285714279,19.696382929285086,89.06288230976267,321.1472952718354,380.35745507527923,155.95177142857142,140.65919499999984
VNGDF,Vanguard Funds PLC,121.3894,USD,-0.8610487922204343,-1.0360328778201962,1.7002345844503983,9.147915533356402,5.86438756377272,8.761241061580899,20.306640237859252,88.73023523375673,202.03881562577754,202.03881562577754,119.39437619047612,106.39253251000008
IDUS,iShares Core S&P 500 UCITS ETF USD (Dist),63.50751,USD,-0.17681546683431937,-1.7633937893963267,0.7855742908153154,9.091316670961092,4.136279412970409,7.840906775343867,13.269735349895482,86.64954082882934,206.94783436694857,392.30627906976747,63.58130999999989,59.310775049999975
VUSD,Vanguard S&P 500 UCITS ETF,120.8775,USD,-0.253744275281598,-1.7076294444105697,0.8089569042803818,9.10260171040458,4.112745203591646,7.856521448169705,13.252758063382752,86.51057511219182,214.21236511015428,384.2848751716696,120.98529761904763,112.89591250000024
1330,NIKKO ASSET MANAGEMENT CO LTD NIKKO EXCHANGE TRADED INDEX FUND 225,43990,JPY,0.06824385805277526,-0.45259108395564607,5.567554595632349,12.968669748330765,9.782879960069877,6.179097272507844,12.21938775510204,86.31935620499789,118.85572139303483,305.4377880184332,43202.857142857145,40084.05
1321,NOMURA ASSET MANAGEMENT CO LTD NEXT FUNDS NIKKEI 225 ETF,43900,JPY,-0.11376564277588168,-0.5211874008610923,5.402160864345738,12.853470437017995,9.722569357660586,5.961863384021241,12.104187946884576,86.2537123462028,119.39030484757622,312.593984962406,43156.19047619047,40042.35
1320,DAIWA ASSET MANAGEMENT IFREEETF NIKKEI225 (YEARLY DIVID TYPE),43790,JPY,-0.0228310502283105,-0.4093700250170571,5.492652372922187,13.035622096024781,9.859508278976417,6.1318468250121185,12.167008196721312,86.18197278911565,118.62206689965052,315.07109004739334,43015.23809523809,39906.1
SPLG,SPDR Portfolio S&P 500 ETF,74.77,USD,-0.3996270147861958,-1.1371149014941153,1.0268882583434547,10.377915559492179,4.1509959604401585,7.846531083225152,13.580434452377332,86.08760577401691,235.81854929261172,426.5492957746478,74.85666666666668,69.70555
1329,BLACKROCK JAPAN CO LTD ISHARES CORE NIKKEI 225 ETF,4403,JPY,-0.04540295119182747,-0.38461538461538464,4.584323040380047,13.919793014230272,10.711591651998994,6.070826306913997,12.292782453455752,86.01605407689058,119.1637630662021,314.5951035781544,4343.095238095236,4001.4250000000006
IVV,iShares Core S&P 500 ETF,638.7,USD,-0.394554216115898,-1.127735164129193,1.0409415933683543,10.366159216187729,4.1687053527742535,7.857540908860647,13.480091679547998,85.9280391243596,238.8149169805316,347.71960569550936,639.3652380952384,595.1956500000003
VOO,Vanguard S&P 500 ETF,584.27,USD,-0.3938081762078589,-1.1253638394368066,1.0358303935809658,10.35830988043746,4.129388700766344,7.7949153167779786,13.567360584679369,85.86311654021725,239.6918604651163,470.01951219512193,584.9028571428572,544.7463999999999
IWDA,iShares Core MSCI World UCITS ETF,121.21,USD,-0.2140446200708036,-1.375101708706275,-4.136349256564382,8.445915719781693,6.98146513680494,12.1069182389937,15.28438272779151,85.84789656780288,188.1150463513192,386.006395909928,120.79285714285717,111.60035000000018
1346,MITSUBISHI UFJ ASSET MANAGEMENT CO MAXIS NIKKEI225 ETF,43990,JPY,-0.04544421722335833,-0.43005885015844275,5.592894863178109,13.90471258415329,10.722376038258243,5.948940269749518,12.133571246495029,85.76858108108108,118.85572139303483,488.8888888888889,43191.42857142857,39912.3
SPY,SPDR S&P 500 ETF TRUST,635.55,USD,-0.40118474871104653,-1.1263398621633829,1.0252742012398557,10.342372999062457,4.161203618722956,7.831826125315999,13.537702985154613,85.76815152578041,238.97807883087094,1345.4567784428957,636.2852380952384,592.4657500000005
SPHQ,Invesco S&P 500 Quality ETF,72.1,USD,-0.4281176633061763,-0.7160561828697469,1.051156271899089,4.964332508370937,1.5349950711167288,6.973293768545977,9.458023379383619,84.72969510632844,232.87165281625116,366.06334841628956,72.05047619047625,68.79339999999995
SPTM,SPDR Portfolio S&P 1500 Composite Stock Market ETF,77.05,USD,-0.33630836890441745,-1.0530371131372895,1.0889530307006012,10.323596792668948,3.757069754915152,7.252227171492195,12.794612794612787,84.33014354066987,199.39322842848472,382.7401143376696,77.08095238095235,72.06835000000007
VV,Vanguard Large-Cap ETF,293.26,USD,-0.38384455993749633,-1.1394282632146695,0.9709406417848758,10.468226164915041,4.222048475371382,8.16612570079669,14.237855946398664,84.22011432878949,236.6161616161616,492.9234547263536,293.7923809523811,273.0854999999999
SCHX,Schwab U.S. Large-Cap ETF,25.16,USD,-0.39588281868567465,-1.1006289308176145,0.9630818619582601,10.544815465729343,4.0529363110008285,7.890222984562607,14.20800910690671,83.35982800253453,237.56741168214816,520.7240308154745,25.196666666666676,23.455749999999988
IWB,iShares Russell 1000 ETF,348.98,USD,-0.34837235865219035,-1.1416107192430733,0.9400399155410291,10.311038057908712,3.9837907094544276,7.75311081606818,13.96009535316592,83.03786845693907,218.73230432002924,362.7998342312474,349.46095238095256,325.7344999999993
VUSA,Vanguard S&P 500 UCITS ETF,90.175,GBP,-0.08863774860118365,-0.6445570736007139,1.7747806213142867,9.442320529158325,-3.0376344086021536,0.7204289065117793,10.56955428851694,82.3559113780402,267.1620670668594,471.7410601065178,90.19976190476196,86.82243125000008
IWV,iShares Russell 3000 ETF,361.08,USD,-0.3284842796809004,-1.1037769439347127,0.9279964221824668,10.337662337662332,3.740734356145487,7.493078503170479,13.472235316300557,80.83838333249862,210.79359614391458,379.64134495641343,361.48047619047645,337.57070000000004
ESGV,Vanguard ESG U.S. Stock ETF,112.62,USD,-0.3891738899699254,-1.3144058885383807,0.9954264191552321,10.726575557958915,3.3590308370044153,6.870373884987672,13.482466747279332,80.59653624118026,123.7187127532777,123.7187127532777,112.81142857142856,105.14504999999994
SCHB,Schwab U.S. Broad Market ETF,24.52,USD,-0.3252032520325278,-1.1290322580645207,1.071723000824394,10.500225326723742,3.7225042301184392,7.449605609114809,13.623839295757739,80.5376697336922,226.3534763091107,488.48058848058844,24.53714285714285,22.902100000000008
ITOT,iShares Core S&P Total U.S. Stock Market ETF,138.93,USD,-0.322858372793793,-1.1596471257825807,0.9739079874990939,10.507476932866695,3.764284113824797,7.431178472007434,13.523451544370005,80.42857142857144,232.1697549312612,451.8570009930487,139.04238095238094,129.77759999999998
VTI,Vanguard Total Stock Market ETF,312.76,USD,-0.34412439459596744,-1.1254425897824996,0.9750112997998263,10.500282645562454,3.6521508583548687,7.311717275690513,13.413351706131925,80.25474036078613,224.43983402489624,446.3056768558952,313.0352380952385,292.42735000000016
XLC,The Communication Services Select Sector SPDR Fund,109.73,USD,-0.10923987255347324,-0.8583303216479967,1.5548357242017647,10.016041708441959,4.764177964483491,12.751746814632154,25.779458963778094,80.23981603153744,120.78470824949697,120.78470824949697,108.58476190476206,100.52619999999996
GSLC,Goldman Sachs ActiveBeta U.S. Large Cap Equity ETF,124.75,USD,-0.3832947376826671,-1.0627329685145557,1.208826870030825,10.135075483358351,4.13188647746244,7.617322291235332,13.574289876183535,80.06639722863741,209.24640555280118,209.24640555280118,124.8690476190477,116.62730000000025
ESGU,iShares ESG Aware MSCI USA ETF,138.91,USD,-0.36580117630181536,-1.0753453923942395,1.2094717668488135,10.263533894268926,3.974550898203595,7.332715190851499,13.109681622017748,78.22684115986657,187.83671777869873,187.83671777869873,139.0571428571428,129.72289999999992
ISAC,iShares MSCI ACWI UCITS ETF,100.6,USD,-0.13897161008536885,-1.266071253312402,0.8723553594705609,8.557246142225093,7.513091802928291,12.906846240179574,15.380201505213849,77.83277355488774,171.67162494387324,290.0736568408818,100.17904761904754,92.31117499999995
VWRA,Vanguard FTSE All-World UCITS ETF Accum USD,157.26,USD,-0.17773263932969477,-1.206181681115728,0.92414324220254,8.530020703933738,7.756612306427295,13.087875737091894,15.632352941176464,77.59457331695401,96.7594546102175,96.7594546102175,156.58761904761906,144.20049999999983
CTOP50,10X TOP 50,3999,ZAC,0.6544173168890007,-0.09992505620784412,2.591072344792201,8.13953488372093,14.322469982847341,19.37313432835821,18.559146160687813,77.57548845470693,110.47368421052632,85.8271375464684,3934.8571428571427,3577.465
AVDV,Avantis International Small Cap Value ETF,84.42,USD,0.13047088127149736,0.6677796327212048,4.145077720207253,11.53388822829965,22.73916836289619,29.20110192837465,23.583662714097496,77.3902080268964,69.75668610496683,69.75668610496683,82.69428571428573,72.08435
QUAL,iShares MSCI USA Quality Factor ETF,186.56,USD,-0.3152551429334777,-0.6867181261644887,1.0398613518197661,7.694972002539984,0.5118258714508855,4.223463687150839,5.765632972390734,76.78385293281531,190.13996889580093,271.4115070674896,186.16095238095252,178.9048749999999
VBR,Vanguard Small-Cap Value ETF,202.74,USD,-0.16250553996158176,-0.7927187316500315,1.3700000000000045,9.850455136540965,-0.06408044560555796,1.547708489857252,5.1392418192189995,76.58740527828586,108.96722325293756,312.9965369729069,201.0861904761908,196.45245000000006
CGGR,Capital Group Growth ETF,41.39,USD,-0.3850782190132289,-1.896183929841188,-0.1447527141133951,11.473202262321566,5.264496439471007,10.579748864547158,23.03804994054697,76.50319829424308,76.50319829424308,76.50319829424308,41.780476190476215,37.905849999999994
IUSV,iShares Core S&P U.S. Value ETF,97.3672,USD,-0.34063459570113197,-0.38142009412727446,1.6996030917067078,8.294071849627406,1.3608161565688055,4.404031739223667,5.0120793787748035,75.46801225446025,150.58067313509548,307.55438445819055,96.54254285714293,93.72147899999989
4GLD,Borse Commodities GmbH Xetra-Gold,92.385,EUR,-0.16749513723795237,0.3421309872922906,-1.5347721822541942,-2.3362757016755578,2.9072681704260646,12.926292629262928,27.691779618293847,75.25372284928388,179.5310220735559,423.1313703284259,92.56857142857149,88.89167500000005
MOAT,VanEck Morningstar Wide Moat ETF,96.85,USD,-0.5136106831022086,-1.254078303425779,1.1488250652741454,10.320082013896785,4.285560460859254,3.894014160051486,4.431744662497304,75.19898697539796,216.5032679738562,375.9211420534928,97.40428571428576,92.50494999999987
MEUD,AMUNDI STOXX EUROPE 600 - UCITS ETF ACC,267.94,EUR,-0.09321749505947276,0.41223204916804934,1.9791428788916756,1.7390643985419136,3.5476889782037437,12.783600622974284,11.832714220126046,74.96408515084238,95.53382470991754,179.6284700480067,263.20571428571446,252.17505
IVE,iShares S&P 500 Value ETF,201.06,USD,-0.30247433926711226,-0.2876413410037612,1.8695850433196521,8.481709291032697,1.4685844057532156,4.822480579740368,4.937369519832989,74.95649147232858,144.9561403508772,237.29596538262354,199.31285714285704,193.30324999999982
SPYV,SPDR Series Trust SPDR Portfolio S&P 500 Value ETF,53.89,USD,-0.2960222016651186,-0.2960222016651186,1.8329554043839735,8.321608040201006,1.5068751177246131,4.864759680871765,5.007794232268122,74.91074326517365,127.55198986593476,227.07063967163543,53.42857142857156,51.83785000000002
EGLN,iShares Physical Gold ETC,55.71,EUR,-0.30422333571940174,0.21586616297894842,-1.6940179989412403,-2.638937434463471,2.6155829802910326,12.773279352226727,27.366249320244673,73.82215830958373,151.398916967509,151.398916967509,55.90642857142869,53.66544999999997
CNDX/N,ISHARES VII PLC NASDAQ 100 UCITS ETF USD ACC,24988,MXN,0.3297616184457761,-2.3143080531665365,1.3674957100957714,5.702199661590525,-1.5963228182485523,-1.1464996374290388,20.70372182690213,73.48500890405491,330.1156632106227,330.1156632106227,25183.701904761892,24063.551499999965
DGRW,WisdomTree U.S. Quality Dividend Growth Fund,86.67,USD,-0.31055900621117555,-0.49368541905854496,2.265486725663719,9.348978046934135,3.0191370498038825,6.605166051660523,6.578947368421065,72.58064516129033,183.42053629823414,245.16129032258064,86.16809523809519,82.17577500000012
SGLD,Invesco Physical Gold ETC,320.28,USD,-0.5588673621460543,-0.45687645687646533,-2.9189779030644876,-0.2056459151243301,13.44573533578917,25.506485363846537,32.46753246753246,70.6521830057642,186.322188449848,240.1805557051395,322.1633333333333,293.2009499999997
GLDM,SPDR Gold MiniShares Trust,66.1,USD,-0.3317249698431829,-0.18121413470251366,-2.2767593140153846,-0.42181379933715146,13.67153912295786,26.096909576497506,33.07831689148378,70.44868488911807,162.30158730158726,162.30158730158726,66.24952380952378,60.21564999999993
CGDV,Capital Group Dividend Value ETF,40.92,USD,-0.17077335935594115,-0.07326007326007603,0.9871668311944682,13.257680597841125,10.02957784350633,15.267605633802823,16.514806378132132,70.28997569664084,70.28997569664084,70.28997569664084,40.831428571428575,37.09445000000002
VTV,Vanguard Value ETF,180.95,USD,-0.37987227482933156,0.5277777777777715,2.055779588844072,7.778902853058552,1.6002245929253198,6.253669994127995,7.153431633801139,70.27383080831842,135.82692558321384,265.9251769464105,179.05428571428612,173.77605000000017
VUAA/N,VANGUARD S&P 500 UCITS ETF (USD) ACCUMULATING,2296.13,MXN,-0.048318852187828554,-0.29614190494798887,1.6063155193089826,6.402806354149292,-2.8927524708927392,-2.088183872755951,14.340562208998332,70.05725035364868,113.98363527920675,113.98363527920675,2286.8880952380964,2247.9615000000013
XIC,BLACKROCK ASSET MANAGEMENT CA LTD ISHARES CORE S&P/TSX CAPPED COMPOSITE IN,44.84,CAD,0.5832211754149959,0.4480286738351318,2.8440366972477107,8.914257954821476,9.982830512631836,13.089533417402281,21.78164041281913,69.97725549658834,102.07300585849481,259.0790790790791,44.198571428571476,40.95452499999998
VUAA/N,VANGUARD FUNDS PLC S&P 500 UCITS ETF USD ACC,2299,MXN,0.30541012216404884,-0.9542683583568529,1.7256637168141593,6.096266555909359,-2.640851034996787,-2.9138513513513513,12.146341463414634,69.84715750549714,114.09549217704013,114.09549217704013,2291.6285714285705,2249.422849999999
IAU,iShares Gold Trust Shares of the iShares Gold Trust,62.9,USD,-0.36432757801362897,-0.20625099159130977,-2.298850574712639,-0.490428729631391,13.578909353557233,25.925925925925917,32.8125,69.35918147549812,179.30728241563054,636.0168499882986,63.064761904761845,57.34605000000004
RSP,Invesco S&P 500 Equal Weight ETF,185.87,USD,-0.34848809779112466,-0.20402684563758144,1.1152214122511215,7.30594925381751,1.7796517358449238,5.4162885662432005,8.007437968504853,69.14186914186914,160.3585936405659,629.2594409024031,185.0504761904766,178.30349999999976
SMEA,iShares Core MSCI Europe UCITS ETF EUR (Acc),7633,GBX,-0.09162303664921466,0.9522549927258299,1.678433462102038,4.623930904618003,7.522186223411748,16.67685723020483,13.047985781990521,69.13361400398848,136.82904126590134,226.778903996485,7504.214285714293,7031.957500000018
XIU,BLACKROCK ASSET MANAGEMENT CA LTD ISHARES S&P/TSX 60 INDEX ETF,42.24,CAD,0.4996431120628143,0.3802281368821381,2.673796791443854,8.809891808346217,8.44672657252888,12.042440318302383,20.068220579874936,68.08595304417032,103.37024554646126,314.62576687116564,41.66904761904762,38.83352499999995
GLD,SPDR Gold Trust,307.29,USD,-0.34699701647424863,-0.20621904684581988,-2.2863139150343414,-0.5083209221006258,13.476984434719991,25.82507575137172,32.62980706979154,68.00065606035757,175.49757934373318,591.6274345323959,308.08000000000004,280.28384999999986
VOE,Vanguard Mid-Cap Value ETF,170.57,USD,-0.3097603740502637,-0.035163804723672434,2.198921509886152,7.6966788735951495,2.290854572713639,4.753423816250065,6.546317696295827,66.1503993765829,106.65132057184393,236.69561784445324,168.98047619047634,163.94725000000005
DVY,iShares Select Dividend ETF,139.21,USD,-0.16494549627079014,0.5779929195867433,2.7076877674487356,7.8645591197892495,1.3911143481427506,5.542077331311601,6.9611986169804085,66.00286191271168,100.5907780979827,174.30541871921181,137.00095238095238,133.74784999999997
FNDF,Schwab Fundamental International Equity ETF,42.1,USD,-0.40217648450438065,0.717703349282307,4.259534422981671,9.778357235984354,17.564925998324487,26.57847263980759,15.627574842076367,65.94402837997634,61.923076923076934,67.39569280146833,41.25952380952382,36.95954999999997
VUSA,VANGUARD S&P 500 ETF DIST,97.78,CHF,-0.16336532570961465,-1.4215142655509594,2.8180862250262955,6.7583797357790125,-6.305097738597161,-3.7408938767473883,7.6516545711405,65.47639194449145,157.24810614302055,272.4952380952381,97.67285714285708,96.45550000000023
VYM,Vanguard High Dividend Yield ETF,137.2,USD,-0.29069767441860883,0.2044989775051133,1.9922688076122348,8.76803551609322,1.9467974438995215,6.820305200871996,10.324863300096485,65.20168573148705,123.52557836428802,171.6294340980863,135.8904761904762,130.4694
MDY,SPDR S&P MidCap 400 ETF Trust,579.53,USD,-0.1206418144528972,-0.8112687627295615,0.45414362725555196,7.707318886369555,-0.6633527596846083,1.2403263281099914,4.678214692122894,65.18355945730248,136.4367018889478,1439.0008298755188,579.0247619047625,565.5878999999993
IJH,iShares Core S&P Mid-Cap ETF,63.45,USD,-0.1573564122737912,-0.8438818565400831,0.3003477711033905,7.834806254248809,-0.6264682850430675,1.1961722488038278,4.651162790697674,65.01092270883181,131.6538882803943,594.3912448700411,63.40476190476187,61.88340000000006
IWS,iShares Russell Mid-cap Value ETF,135.83,USD,-0.25701277720663407,-0.5418466720363042,0.7715705912901702,8.10187027457223,1.8674066296685234,4.372214538189662,6.818181818181831,64.94231936854891,101.02116323812346,432.32405872737917,135.4361904761905,130.61040000000008
VONV,Vanguard Russell 1000 Value ETF,87.07,USD,-0.36617461952169283,0.09196459363144993,1.3148708401210094,7.334812623274147,1.7886368950198583,6.611975021427686,7.946937763451521,64.79606321567141,122.62848376374326,241.58493526873286,86.45494761904757,83.60670000000013
IWD,iShares Russell 1000 Value ETF,198.41,USD,-0.37157921164951496,0.10090308258916736,1.2864362652509114,7.300849061705695,1.7748140548858724,6.591812614161389,8.0546781396362,64.7923588039867,106.59100374843813,257.4954954954955,196.98761904761886,190.42220000000023
SPMD,SPDR Portfolio S&P 400 Mid Cap ETF,55.62,USD,-0.16155088852989305,-0.8202567760342383,0.3971119133573987,7.686350435624393,-0.6075768406004349,0.9620620802323362,4.70632530120482,64.65364120781526,101.50490324975021,101.50490324975021,55.576190476190426,54.296050000000044
GLOBAL,10X TOTALWLDTOCK,1688,ZAC,-0.2364066193853428,-0.5303476723629935,2.613981762917933,7.174603174603175,3.494788473329246,6.163522012578617,11.788079470198676,64.0427599611273,64.0427599611273,64.0427599611273,1683,1597.41
VUAA.GB,Vanguard S&P 500 UCITS ETF,121.98,USD,-0.8220113666853638,-0.45211941175510634,1.354383049439144,9.12506709608159,4.799216454456414,8.483560267162334,18.49114667723548,63.51206434316356,63.51206434316356,63.51206434316356,120.8355714285716,109.54932699999998
DGRO,iShares Core Dividend Growth ETF,66.11,USD,-0.36171816126600587,0.10599636583887519,2.1477132262051923,8.787230541385545,2.959040647874172,7.25178455548345,8.50155916625636,62.71228156534579,167.65182186234819,166.57258064516128,65.48714285714287,62.7231
VIG,Vanguard Div Appreciation ETF,209.02,USD,-0.39552060995948735,-0.09081783853544177,1.3823543677547765,8.233222866611435,2.566367338927336,6.193161611542954,8.7004004368402,62.54763200870986,191.35768051296355,320.3096722300423,207.99571428571437,199.178
ACWI,iShares MSCI ACWI ETF,132.04,USD,-0.38476046774803413,-0.8187485916021959,1.3198281154082252,8.863055486849687,6.578416337073203,11.888822981103285,13.837399775842744,62.07192831717195,152.99865874688638,163.55342026630794,131.61428571428573,121.97164999999974
MTUM,iShares MSCI USA Momentum Factor ETF,241.53,USD,-0.5476406159927582,-1.581027667984188,0.9783017684685829,8.076785394666194,7.12765013749667,16.003073819701257,22.666328085322498,61.90508111006837,231.81755735677976,374.3322859387274,242.98952380952358,219.67535000000032
IWR,iShares Russell Mid-Cap ETF,94.01,USD,-0.2334712936432122,-0.6341824331465958,0.4273047751308682,8.082317774200966,2.2070015220700165,5.59362012804673,10.808580858085811,61.807228915662655,144.9452840020844,536.2773665765077,94.0004761904762,89.74884999999993
IWP,iShares Russell Midcap Growth ETF,139.25,USD,-0.2650050136083688,-0.6279882965817423,-0.41478938711293173,8.458602694913946,2.9727131553649415,8.891147951204259,23.306473036394216,60.991964853459734,204.7045951859956,653.211629479378,140.5385714285717,130.55659999999997
VO,Vanguard Mid-Cap ETF,285.31,USD,-0.3805865921787623,-0.5264625897775577,0.5639561524091582,7.830983786235318,3.3058150481569974,7.400715226802193,12.810881341188567,60.50292529252927,146.02052254893508,481.0793113891423,285.93190476190483,270.9496000000001
SCHV,Schwab U.S. Large-Cap Value ETF,28.39,USD,-0.3160112359550557,0.21178962230851492,1.574239713774602,8.111195734958107,3.1613372093023293,8.524464831804284,9.797711963497715,60.214607167203106,114.42619629930807,237.04030538221284,28.139999999999958,26.945799999999977
VT,Vanguard Total World Stock Index ETF,132.19,USD,-0.361799954774998,-0.6762341272822945,1.4582853634200674,9.112670243499785,6.85474092636004,12.044414307509742,13.545782511595942,59.97821614425754,141.66361974405848,164.80368589743588,131.6642857142857,121.86245000000014
EFV,iShares MSCI EAFE Value ETF,67.4,USD,-0.4651849664033046,1.0343276870034657,5.692331817469032,7.5303126994256635,17.95589779488975,28.27100580454849,20.87517934002871,59.86717267552185,43.37375026590089,32.260570592509715,65.53523809523809,58.98809999999999
DIA,SPDR Dow Jones Industrial Average ETF,447.95,USD,-0.31377959764999663,0.04690222003841058,1.1493474235650036,8.217473757957164,2.015486221817346,4.578138861651962,9.437603830743672,59.005395428084604,187.3316228351507,475.6787148594378,445.1319047619055,430.33015000000023
IWN,iShares Russell 2000 Value ETF,166.33,USD,-0.00601178309486047,-0.6925786614126196,1.6252214822508861,13.218977605336612,-0.5679100908656077,0.4347563552925541,2.3884272083718217,58.726977765053924,86.67789001122337,387.4187900309861,163.89285714285742,160.4883999999999
VUSD.GB,Vanguard S&P 500 UCITS ETF,120.711,USD,-0.31299033776530255,-1.8795626519529287,0.5016297764104889,8.942487759752717,3.934693287136693,7.659253392696607,12.96710495531327,57.491995647511025,57.491995647511025,57.491995647511025,120.94815952380937,112.58995094999993
VOT,Vanguard Mid-Cap Growth ETF,283.51,USD,-0.3269582337224043,-1.0229018293534446,-1.2848189415041775,8.156258345095944,5.0698587999851785,10.698527976260191,20.89463135900388,57.05185021050298,191.76700627765769,456.77533385703055,288.0399999999999,264.98204999999996
FNBEQF,FNB GLOBAL 1200 FOF ETF,10606,ZAC,0.17946538207235288,-0.03770028275212064,1.6484569676059038,6.46456534832363,3.0208839242350654,5.669024608946897,13.191035218783352,55.85598824393828,55.85598824393828,55.85598824393828,10604.333333333334,10054.315
VB,Vanguard Small-Cap ETF,245.03,USD,0.012244897959184136,-0.801586980284195,1.097495564632585,9.952883105227736,-0.8296907884086172,1.1809885617541453,7.629798822805941,55.673443456162644,124.79816513761467,401.39144669531413,243.80666666666679,237.20264999999992
SPSM,SPDR Portfolio S&P 600 Small Cap ETF,44.47,USD,-0.11230907457323508,-1.243615367532761,2.1125143513203257,10.842472582253244,-2.349582784365394,-1.9836896627727543,0.8618734406894883,54.08870408870409,96.77011175719339,120.51261173957175,43.86904761904773,43.53490000000007
XLY,SPDR Select Sector Fund - Consumer Discretionary,226.23,USD,-0.5931979963090003,-1.0107639800472574,1.027106685124808,8.233661850540608,0.6271684013877754,0.7975405453573303,21.15353719273818,53.70974317162656,222.90893519840134,793.73049421246,224.78857142857123,215.40715000000012
IJR,iShares Core S&P Small-Cap ETF,114.12,USD,-0.07880220646177148,-1.1091854419410754,2.111667859699355,11.19555685472085,-2.3446859489987975,-1.6800206771775557,0.608304681301241,53.61421456454435,112.93031066330816,612.5612650022962,112.54095238095252,111.63090000000011
VYMI,Vanguard International High Dividend Yield ETF,84.35,USD,-0.19523161568952996,0.9454284346577214,4.49055435119232,8.03022540983606,16.120594713656377,24.355005159958715,18.071108622620375,53.47525473071324,63.05850194954947,63.05850194954947,82.43547619047615,74.69932499999997
SCHM,Schwab U.S. Mid Cap ETF,28.82,USD,-0.06934812760055331,-0.4834254143646428,0.698812019566734,8.836858006042297,0.10420284821118839,3.371592539454811,8.007603323031187,51.71097817176076,128.85147289594087,242.82349904871714,28.74761904761898,27.760649999999952
VXF,Vanguard Extended Market ETF,198.77,USD,0.010062893081766154,-1.104532563809144,0.6379423826641787,11.374460693674013,0.6991235624905132,3.8342997440317625,13.304451918143991,50.72035183500153,148.99160716522613,544.3111831442463,198.73190476190462,189.01330000000004
SOXL,Direxion Daily Semiconductor Bull 3x Shares,25.35,USD,-1.744186046511625,-9.850640113798006,-6.52654867256637,66.66666666666666,-20.545369064409968,-9.882687522218264,-37.79141104294478,50.09465732886457,2382.047988219329,3845.5252918287947,26.219523809523782,23.52675000000002
SPXS,INVESCO S&P 500 UCITS ETF ACC,5175500,COP,0,0.9286488763387599,3.298444785080156,5.788688346994256,5.308672119806292,0.7922380920850195,16.92874248791288,48.9296803285057,48.9296803285057,48.9296803285057,5136562.857142857,4934267.8
DFUS,Dimensional U.S. Equity Market ETF,69.01,USD,-0.34657039711190596,-1.1742803952455867,1.069127123608676,10.68163592622294,3.9463774664859232,7.609543115546562,14.009582025441937,48.24919441460797,48.24919441460797,48.24919441460797,69.05190476190475,64.36157500000002
SCHA,Schwab U.S. Small-Cap ETF,26.32,USD,0.07604562737642423,-1.2012012012012023,1.3086989992301765,11.667373780229104,-0.641751604379004,0.9589566551591868,5.830317651789302,48.15648747537292,108.31024930747922,337.75467775467774,26.1409523809524,25.35445000000002
IMEU,iShares Core MSCI Europe UCITS ETF,2996,GBX,-0.0500417014178482,0.9774182676103809,0.7397444519166106,4.118158123370982,5.270555165144062,14.547887593194417,10.005507618872773,47.36842105263158,78.28027372805713,75.1923841601759,2966.083333333331,2811.2762499999953
SDY,SPDR S&P Dividend ETF,141,USD,-0.3040373329562376,0.206097647644085,1.996527777777771,6.559854897218869,3.1229430264024067,6.302774427020518,3.1229430264024067,47.07416292896631,100.14194464158977,159.85998154441236,139.24523809523808,135.63659999999996
CNDX/N,ISHARES NASDAQ 100 UCITS ETF USD (ACC),24905.87,MXN,-2.5839673009602446,-1.4183310771764066,0.6690285303158623,5.743310658366568,-3.6891509164002385,-1.1187228661665636,21.53562374802672,46.994262672906245,46.994262672906245,46.994262672906245,24071.406190476187,
USMV,iShares MSCI USA Min Vol Factor ETF,94.33,USD,-0.2643264960879679,1.0498125334761692,1.3320442582447038,2.5549032398347404,0.8877005347593565,5.786699562633169,5.1382077574676766,46.954354260788286,135.6482638021484,272.69853812722243,93.35619047619032,92.23560000000016
SCHD,Schwab US Dividend Equity ETF,27.52,USD,0.03635041802980011,0.8797653958944224,2.3048327137546507,6.708026366808843,-2.9276895943562673,0.18201674554059233,0.06070179565691677,45.6599947968789,121.40006708936917,230.24034014755037,27.052857142857256,27.311550000000057
VTWO,Vanguard Russell 2000 ETF,91.4,USD,0.24128098267163725,-1.0608356787183262,2.0260088184406007,13.202873420857086,-0.010939722131047921,1.532992668295945,5.530539198706854,45.57617265270369,107.30324336584259,248.19047619047623,90.33095238095237,87.4699
IWM,iShares Russell 2000 ETF,225.97,USD,0.24843618295550432,-1.0812467168621953,1.962819240140779,13.10942036239864,-0.013274336283186344,1.363656753240924,5.455478812768339,44.98267676119593,106.3464523787782,396.2964996568291,223.38714285714317,216.29234999999994
HDV,iShares Core High Dividend ETF,122.52,USD,0.06533812479581697,1.0891089108910834,3.409858203916266,7.088541211432568,2.5958800870875853,8.597766353483427,5.775705775705774,44.66879206517889,80.6546741374226,141.37120594389398,120.18428571428582,116.93015000000018
VGK,Vanguard FTSEEuropean ETF,78.92,USD,-0.6045340050377883,0.8304586687108799,1.8059855521155905,4.668435013262594,12.197895934034685,24.263895449535514,13.341950308774964,44.225146198830416,58.124624323782825,55.04914637507787,77.6814285714286,71.36650000000004
SXRV,ISHARES VII PLC,1072.194,CHF,-0.11337688918784121,-2.723167747677627,1.21922552981792,7.482193964242575,-5.615479077628661,-2.3024031811579837,11.313627651797024,43.85918690955112,43.85918690955112,43.85918690955112,1081.047285714286,1038.0585050000007
XLU,SPDR Select Sector Fund - Utilities,85.58,USD,-0.6846930486248154,-0.6616366802089464,1.4762554099721403,6.125992063492061,6.628457513082473,12.250786988457508,14.289529914529918,43.61470045309615,93.79528985507247,182.9090909090909,85.66619047619055,79.86965
00919,CAPITAL INV TRUST CORP CAP TIP CUSTOMIZED TAIWAN SEL HIGH DIV,21.46,TWD,-0.41763341067285314,-1.0147601476014707,-0.186046511627903,-5.753184014053574,-9.298393913778527,-8.172871202396234,-13.327948303715672,43.257676902536716,43.257676902536716,43.257676902536716,21.511428571428535,22.489149999999984
NOBL,ProShares S&P 500 Dividend Aristocrats ETF,104.56,USD,-0.4380118072747989,-0.12417613907727143,2.3692970432739395,6.1199634629047,1.8706157443491833,4.769539078156318,2.249168785448853,43.25250034251269,108.57769798523837,158.8118811881188,103.53190476190466,101.65997499999966
GDX,VanEck Gold Miners ETF,59.29,USD,1.6632373113854577,2.844752818733739,10.53318419090231,17.755710029791455,41.099476439790564,72.05455600696459,50.48223350253807,42.62689439499639,291.09498680738784,62.34939759036143,56.002380952380975,45.1436
VAS,V300AEQ ETF UNITS,111.36,AUD,-0.5003573981415317,1.2087612469326532,3.158869847151456,7.210936747857895,7.844276583381749,10.541989279332942,11.829682429610722,42.31309904153355,63.93346091564844,119.99210233093841,109.31047619047607,103.37725000000042
IDEV,iShares Core MSCI International Developed Markets ETF,78.26,USD,-0.49586776859504206,0.4750288868917763,2.9736842105263226,6.072106261859588,12.55573133899037,21.239349341595677,13.799621928166365,41.672700941346854,54.54186413902055,54.54186413902055,77.03904761904758,70.69264999999987
DFAI,Dimensional International Core Equity Market ETF,35.66,USD,-0.41887740854511496,0.5073280721533251,3.182870370370354,6.73451062556121,13.494589433481842,21.872863978127118,14.958091553836226,41.5079365079365,41.5079365079365,41.5079365079365,35.070952380952384,32.00785
SCHF,Schwab International Equity ETF,22.71,USD,-0.4820333041191912,0.2649006622516657,2.8532608695652293,7.17319490325625,13.493253373313339,22.55801403130059,13.323353293413183,41.451261289317976,63.08797127468581,87.60834877804677,22.399523809523824,20.40214999999996
EFA,iShares MSCI EAFE ETF,91.85,USD,-0.6275018933246915,0.6851192107426692,3.283481389857177,5.33256880733944,11.848514369215769,21.334214002641996,12.588869821034562,40.464902890350196,60.156931124673044,118.69266311710734,90.21047619047606,83.2449
VEA,Vanguard FTSE Developed Markets ETF,58.61,USD,-0.4754627271183582,0.3595890410958919,2.80652517102263,7.649921939572043,13.431391523127536,22.256987901543603,13.651347682761292,39.54761904761905,64.4039270687237,20.89521452145215,57.79238095238097,52.57345000000002
SPDW,SPDR Portfolio Developed World ex-US ETF,41.63,USD,-0.45432807269248615,0.2890869669959156,2.815510002469747,6.74358974358975,12.879609544468545,21.654003506721228,13.83647798742139,39.41728064300068,61.79556937427129,27.503867535640897,41.05809523809526,37.52225
IEFA,iShares Core MSCI EAFE ETF,85.76,USD,-0.6372378635152325,0.5746452445174259,3.126503126503137,5.81122763726096,12.558635226547883,21.939428408929345,12.938697570290383,39.1304347826087,50.00874584572329,76.31578947368422,84.33857142857148,77.44682499999993
DFAC,Dimensional U.S. Core Equity 2 ETF,37.05,USD,-0.21545919741450414,-0.8828250401284253,1.3679890560875514,10.597014925373125,3.0311457174638385,6.4655172413793105,11.194477791116435,38.81603596852752,38.81603596852752,38.81603596852752,36.93666666666667,34.849449999999976
SLV,iShares Silver Trust,34.61,USD,0.5227998838222473,-0.11544011544011298,-2.644163150492258,14.640609473335536,15.289806795469687,29.528443113772457,28.566121842496276,37.99840510366827,146.15931721194875,168.29457364341084,34.39238095238098,30.281899999999954
VUSA.GB,Vanguard S&P 500 UCITS ETF,90.1594,GBP,-0.12971260516301977,-0.646091219749249,1.7584372255968945,9.429231004507793,-1.6140595928567014,0.6974933796765417,10.576594056345868,36.775914171632486,36.775914171632486,36.775914171632486,90.16977238095241,86.82754685000005
GLODIV,10X GLOBALDIVTRAX,2056,ZAC,-0.3875968992248062,-0.14570179698882954,1.0816125860373649,2.288557213930348,0.9327442317133039,-0.724287783679382,2.441454907822621,36.611295681063126,115.73976915005247,115.73976915005247,2049.5238095238096,2036.47
AVEM,Avantis Emerging Markets Equity ETF,70.77,USD,-0.014128284826229322,-0.19743336623889518,0.8838203848895086,9.840136582337403,13.83303844297892,20.234454638124355,14.700162074554283,36.43724696356275,41.624974984990985,41.624974984990985,70.39809523809525,63.042800000000014
00878,CATHAY SECS INV TRUST CO LTD TAIWAN ESG SUS HGH YLD ETF TWD,20.38,TWD,-0.43966780654616444,-3.958529688972667,-3.412322274881528,-1.4983083615273187,-9.220489977728286,-8.032490974729248,-10.692375109553028,36.04806408544725,32.50975292587775,32.50975292587775,21.029047619047642,21.47290000000001
DFIV,Dimensional International Value ETF,45.47,USD,-0.3069502302126739,0.8875083203905005,5.352177942539394,9.619093539054973,17.889551464869065,28.12059735136657,21.610056164749928,36.01555489081663,36.01555489081663,36.01555489081663,44.38333333333325,39.628700000000016
FNBT40,FNB TOP 40 ETF,9501,ZAC,0.8491667551215369,3.2605151613955003,-1.237006237006237,7.9781793385612,16.71990171990172,23.985384314237244,23.35756946247728,36.00057257371887,36.00057257371887,36.00057257371887,9302.23809523812,8335.64500000007
EMXC,iShares MSCI Emerging Markets ex China ETF,63.7,USD,-0.219298245614036,-0.9331259720062121,0.015701051970490057,7.565011820330976,10.724839214322966,14.198637504481898,4.735284445905956,35.61847988077497,25.305641507837997,25.305641507837997,63.79095238095236,58.51740000000004
BBJP,JPMorgan BetaBuilders Japan ETF,65.04,USD,-1.1550151975683753,0.1077420347852969,8.02192326856005,9.79068197164079,14.547375836562178,18.3621474067334,10.876235935901823,35.500000000000014,32.626427406199035,32.626427406199035,63.5959523809525,58.084175000000066
EWJ,iShares MSCI Japan Index Fund,78.7,USD,-1.1803114013058735,-0.025406504065035595,7.77869076965216,8.836952012169824,13.074712643678176,17.147960702590048,11.03273137697518,35.153700841490654,73.80742049469964,31.16666666666667,76.99285714285705,70.68319999999993
IQLT,iShares MSCI Intl Quality Factor ETF,43.13,USD,-0.48454083987079105,0.747488904461575,0.7945781724702113,2.397910731244077,6.572769953051652,15.909701693093261,6.415001233654086,34.99217527386542,72.38209432454038,67.49514563106797,42.629523809523825,40.49029999999999
EIMI,iShares Core MSCI EM IMI UCITS ETF,40.69,USD,0.14767413241446017,-0.2940455770644561,0.29578506285431955,9.528936742934048,12.372272852803084,19.676470588235286,16.223942657751635,34.15759973623475,111.43152967360199,63.577889447236174,40.351904761904756,36.33045
IXUS,iShares Core MSCI Total International Stock ETF,79.64,USD,-0.3752814610958183,0.16350144635894284,2.2730191344548554,6.899328859060403,12.011251758087212,20.24762192359957,13.592925402938242,33.57933579335794,55.24366471734894,61.41062018646127,78.63238095238094,71.93364999999999
VEU,Vanguard FTSE All World Ex US ETF,69.24,USD,-0.4027617951668601,0.27516292541636167,2.5018504811250892,7.315561066336018,12.038834951456307,20.543175487465177,13.564047892406094,33.33333333333332,63.64925549515478,36.541089224790134,68.33761904761907,62.44894999999986
VXUS,Vanguard Total International Stock ETF,71.19,USD,-0.3778337531486091,0.22525693368998534,2.4095518952743973,7.505285412262155,12.39343227028733,20.51802945657694,13.576898532227181,32.44651162790697,63.09278350515464,42.18091827822681,70.26047619047633,64.11199999999985
VUSA,VANGUARD FUNDS PLC,97.973,CHF,0.07967720516880633,-1.498044498959407,2.700294558529087,6.653530878174627,-6.188479068520442,-3.64196073803061,7.418289085067048,31.48443895696052,31.48443895696052,31.48443895696052,97.79833333333343,96.57686999999999
VBK,Vanguard Small-Cap Growth ETF,284.03,USD,0.18341504708827971,-0.7478072474403478,1.085486511495464,10.13610454069564,-1.8250319726245305,0.5522710376322956,10.668225209429183,31.173509444418773,137.24523889074504,484.9052718286655,283.6661904761907,274.69995000000006
IWO,iShares Russell 2000 Growth ETF,297.12,USD,0.5074081591231987,-1.3938669852648309,2.4516395986345345,13.192883538420508,0.48701298701298623,2.4410426148117446,8.20890086677836,30.47602318636923,121.07142857142857,282.22474820340085,294.534761904762,282.3887499999999
DFIC,Dimensional International Core Equity 2 ETF,32.19,USD,-0.35598204612289736,0.5309181761398957,3.3386837881219877,7.839195979899484,16.083663901911276,24.381761978361666,17.43889091572418,29.277108433734938,29.277108433734938,29.277108433734938,31.659285714285705,28.517999500000045
XLP,SPDR Select Sector Fund - Consumer Staples,82.47,USD,-0.9012256669069935,0.1457194899817906,2.472664015904566,1.4890475018459188,1.5265296072879415,4.683929931454681,0.7451746884925475,28.0391243595715,81.65198237885463,218.7246376811594,81.63857142857132,80.77455000000005
SCZ,iShares MSCI EAFE Small-Cap ETF,75.12,USD,-0.45056983832492614,0.3205128205128327,2.5669033315128478,8.712011577424038,17.06404862085087,23.471400394477318,15.373982491168798,27.75510204081634,60.341515474919966,46.77611308638397,74.332380952381,66.42355000000003
XLV,SPDR Select Sector Fund - Health Care,137.04,USD,-0.3345454545454603,2.991131820231467,4.363719442540545,5.472177326252586,-5.801484740170469,-0.882395486764067,-11.43854207057,27.680983881487,103.3536132957412,452.2911377100713,133.57285714285743,139.6451999999999
DFUV,Dimensional US Marketwide Value ETF,43.48,USD,-0.11486331265794684,0.4157043879907615,2.065727699530506,9.054426887383997,1.186874563649053,5.533980582524257,7.040866568193008,27.17168762796139,27.17168762796139,27.17168762796139,42.96904761904761,41.740600000000015
VHT,Vanguard Health Care ETF,254.08,USD,-0.2159996858186321,2.928904192829661,4.66304168726315,6.666666666666677,-5.190492182544123,-0.3529688603027599,-10.465853830432012,23.339805825242724,101.26742712294045,409.4846601163024,247.179523809524,256.62449999999995
EFG,iShares MSCI EAFE Growth ETF,111.08,USD,-0.7771326485038004,0.09912588988014728,0.6797788452823348,3.4938973260039132,5.982253601755553,14.728361908696556,5.040189125295506,22.38871749669457,74.54431175361408,117.59059745347699,110.33404761904748,104.25452499999982
DFAT,Dimensional U.S. Targeted Value ETF,56.49,USD,0,-0.615763546798032,1.9675090252707643,11.310344827586212,-0.5282620179609037,0.6593014967925954,4.417744916820704,21.77193360638069,21.77193360638069,21.77193360638069,55.533333333333424,54.53810000000008
ETHA,iShares Ethereum Trust - iShares Ethereum Trust ETF,31.94,USD,-2.94743239137039,-6.961840955432558,14.05106231030174,64.8090815273478,49.322113136979894,21.699371308820727,63.54326676907322,20.120345994734866,20.120345994734866,20.120345994734866,30.39619047619046,21.428725
SPEM,SPDR Index Shares Fund SPDR Portfolio Emerging Markets ETF,44.3,USD,-0.11273957158963756,0.3170289855072477,1.4194139194139135,7.030683740033816,8.979089790897907,15.394634019275845,14.737114737114732,18.48087723990371,66.93672984889022,54.624781849912736,43.83380952380945,40.465400000000045
0056,YUANTA SECURITIES INV TRUST CO LTD P-SHS TW DIVIDEND PLUS EXC,34.6,TWD,-0.31691155286660744,-1.3120365088419874,0.23174971031285715,0.3771395416304107,-6.080347448425629,-5.567685589519648,-10.524950117659687,15.371790596865631,70.35943724074038,37.84860557768924,34.9447619047619,35.365150000000014
VWO,Vanguard FTSE Emerging Markets ETF,51.27,USD,-0.1752336448598059,0.019508388607111033,1.1841326228537623,8.09614168247945,9.762363519588957,16.549215730847923,14.441964285714299,15.032533094009429,63.020667726550094,103.85685884691851,50.76523809523809,46.60514999999971
IEMG,iShares Core MSCI Emerging Markets ETF,61.76,USD,-0.16165535079211352,-0.32278889606198,0.8655887636779376,8.217977921850355,10.364546104360253,18.200956937799038,13.072134749176126,15.009310986964609,58.725263428424576,25.451960186877923,61.411428571428566,55.891350000000045
SCHE,Schwab Emerging Markets Equity ETF,31.37,USD,-0.09554140127387767,0.09572431397575347,1.5210355987055095,8.209727492238713,10.49665375132089,17.799474277131065,15.161527165932462,14.824304538799415,64.67191601049869,23.894105887004,31.04904761904758,28.37629999999993
IB01,iShares $ Treasury Bond 0-1yr UCITS ETF USD (Accumulating),117.1,USD,0.01708233686367955,0.08547008547008061,0.41159320871204746,0.6878761822871858,-3.5896591470442942,2.755352755352756,4.441669639671771,14.717193121271041,18.05378843125902,18.05378843125902,116.8928571428571,115.14865000000005
512100,1000 ETF,2.983,CNY,1.7741385192766987,6.15658362989324,11.098696461824956,22.858319604612856,17.579818683484437,23.468543046357624,61.24324324324324,12.015946444436244,8.662175627013537,8.662175627013537,2.8063333333333325,2.518799999999998
DFAS,Dimensional U.S. Small Cap ETF,66.2,USD,0.060459492140275475,-0.8982035928143628,1.5960712093308875,10.370123374458164,-0.4660953240114302,0.9454101860323338,5.683269476372928,12.013536379018614,12.013536379018614,12.013536379018614,65.48190476190479,63.94399999999996
VNQ,Vanguard Real Estate ETF,90.43,USD,-0.29768467475192506,1.3448391796481036,-0.16559947008168632,4.134039613081533,-2.4645418756404,1.5040969805814384,-1.7919200695047692,11.641975308641983,19.74311440677968,81.4041762479085,89.9480952380951,90.44449999999985
EEM,iShares MSCI Emerging Index Fund,49.64,USD,-0.22110552763818983,-0.46119911770602945,0.7816465333468643,8.124591592245707,9.689537067727317,18.557439694291865,14.088715237876356,10.458388963061868,62.59416966917786,346.2334534495985,49.411428571428566,44.97099999999986
JEPQ,JPMorgan Nasdaq Equity Premium Income ETF,54.94,USD,-0.36271309394269646,-1.3290229885057507,0.01820498816675407,5.9594985535197615,-6.149641270925865,-3.138222849083218,1.8539117538005192,9.660678642714563,9.660678642714563,9.660678642714563,55.166190476190444,54.48857499999996
CSGOVI,10X GOVI,1113,ZAC,0,0,2.203856749311295,4.605263157894737,4.80225988700565,0.9066183136899365,3.2467532467532467,9.01077375122429,9.01077375122429,9.01077375122429,1107.4285714285713,1081.055
510500,500 ETF,6.92,CNY,1.9746536987916352,6.445162282725729,9.928514694201748,21.2545996145085,15.971174794704211,19.166523161701384,48.338692390139336,8.24316940630076,-1.3398082553430648,129.4262666731105,6.515714285714291,5.936455000000016
159915,E FUND MANAGEMENT,2.662,CNY,3.499222395023323,9.3223819301848,16.346153846153854,32.109181141439194,21.830663615560635,27.00381679389312,73.98692810457516,5.676855895196498,10.227743271221527,234.84276729559747,2.4162857142857153,2.12809
JEPI,JPMorgan Equity Premium Income ETF,56.88,USD,-0.38528896672504176,0.6280406899602017,0.035174111853681196,2.5974025974026063,-4.723618090452261,-1.6767502160760568,-1.829478771142553,5.4700537734099814,13.691784929042576,13.691784929042576,56.5642857142857,57.31754999999994
BINC,iShares Flexible Income Active ETF,52.83,USD,-0.151200151200148,-0.24546827794562417,0.2466793168880369,1.5180630284396601,0.571102227298681,1.4595736508546149,-0.5084745762711923,4.84223060130978,4.84223060130978,4.84223060130978,52.815238095238044,52.37869999999998
JAAA,Janus Henderson AAA CLO ETF,50.75,USD,0.019708316909731984,0.15788434971383125,0.09861932938855454,0.29644268774703275,-0.2555031446540931,0.03942440370590011,-0.11808699074985686,1.5710997698388802,1.5710997698388802,1.5710997698388802,50.68761904761903,50.67130000000003
510310,HS 300 ETF,4.336,CNY,2.384887839433293,5.473120895159342,5.447470817120627,12.975508077123509,11.983471074380176,12.27343345416883,30.780018357460897,1.0268020727465828,43.037947403343516,113.08012809418048,4.120047619047621,3.8706950000000013
2800,TRACKER FUND OF HONG KONG(TRAHK) ETF UNITS HKD,25.86,HKD,0.9367681498828979,0.15491866769945448,0.15491866769945448,8.838383838383828,11.465517241379311,28.01980198019802,43.18937669930102,1.0156249999999922,12.43478260869565,143.9622641509434,25.61809523809522,22.650649999999988
SGOV,iShares 0-3 Month Treasury Bond ETF,100.6,USD,0,0.07958615200954865,-0.019876764062820743,-0.04967709885743802,0.02982996917569965,0.2591189954155779,0.019884668920258523,0.5899410058993992,0.5798840231953593,0.5798840231953593,100.55190476190472,100.49935000000022
USFR,WisdomTree Floating Rate Treasury Fund,50.43,USD,0,0.0793808295296669,-0.039643211100105304,-0.07925500297206092,-0.1188354129530645,0.23852116875372179,0.01983339944466087,0.4181600955794521,0.5382775119617288,0.7793764988009604,50.37952380952391,50.3802999999999
BIL,SPDR Bloomberg 1-3 Month T-Bill ETF,91.66,USD,0,0.0764275575936163,-0.010908694229306333,-0.021815008726014648,0.010911074740852051,0.2351140029525982,-0.032718944268732834,0.14202993554025506,0.2625246116823396,0.08737717566654898,91.60857142857162,91.5798999999994
PULS,PGIM Ultra Short Bond ETF,49.74,USD,-0.020100502512558814,0.08048289738430411,0.040225261464205804,0.1006238679814938,0.040225261464205804,0.3631961259079897,0.1006238679814938,-0.3406131035864448,-0.5299470052994711,-0.5299470052994711,49.70380952380951,49.64272499999984
SHV,iShares Short Treasury Bond ETF,110.33,USD,-0.009062896501726586,0.058948895841833514,0.009064539521396952,-0.04077010192525636,-0.022654161569485465,0.1816035594297674,-0.08150697337439179,-0.3612390499413038,0.036268020672764564,1.4995400183992598,110.27738095238068,110.25869999999959
JPST,JPMorgan Ultra-Short Income ETF,50.64,USD,-0.05920663114269022,0.03951007506914881,0.059276822762302186,0.1384219893217328,0.19786307874950815,0.5160778086542239,0.11862396204033665,-0.41297935103245004,1.1788211788211858,1.1788211788211858,50.61190476190478,50.51789999999999
STIP,iShares 0-5 Year TIPS Bond ETF,103.16,USD,0.00969461948617635,0.0193911188675548,0.10674429888403633,0.5458089668616007,1.1670099048739804,2.47342803218436,3.0157779109247014,-0.6165703275529871,4.0548718983255965,3.2322729142672713,103.00809523809536,102.04600000000015
SUB,iShares Short-Term National Muni Bond ETF,106.92,USD,-0.0093519124661041,0.02806623631771086,0.42265426880811763,1.1446409989594248,0.9536398829194648,1.307561114269467,1.1637808685779203,-1.155588425626329,1.1063829787234059,6.08196309970861,106.78380952380974,105.81025000000038
VTIP,Vanguard Short-Term Inflation-Protected Securities Index Fund ETF Shares,50.31,USD,-0.019872813990457094,0.01988071570577558,0.39912193175015537,0.6401280256051216,2.443494196701289,3.8818913896345295,3.284746458632727,-1.1785503830288635,4.183060675088017,0.7408890668802655,50.2066666666665,49.48512499999972
MINT,PIMCO Enhanced Short Maturity Active Exchange-Traded Fund,100.56,USD,0.0049724031624438884,0.12944339340833957,0.07961783439490276,0.11947431302270466,-0.06956176090628359,0.21925453458241864,0.09954210631097804,-1.305329276670918,-0.6029455372145888,0.5398920215956872,100.46095238095234,100.42695000000002
SP5C,Amundi S&P 500 II ETF -C-EUR- Capitalisation,395.39,EUR,0.05567224232608003,-0.5283151777403262,2.1151859504132227,6.628731695477463,-5.363810435615133,-3.1690054612690712,-3.8892535064051144,-3.8892535064051144,-3.8892535064051144,-3.8892535064051144,394.47571428571393,
IGSB,iShares 1-5 Year Investment Grade Corporate Bond ETF,52.75,USD,-0.15142911224682623,-0.11361484567317226,0.208966565349543,0.841139361498753,1.4228033070563393,1.9126738794435898,1.0536398467432895,-4.125772446383139,0.5144817073170792,5.236907730673317,52.72619047619054,52.1599749999999
VCSH,Vanguard Short-Term Corporate Bond ETF,79.5,USD,-0.15071590052751135,-0.1632550546276472,0.22692889561271665,0.8499302296080194,1.3384321223709332,1.8969495001281775,0.9908536585365868,-4.216867469879518,0.06293266205160121,5.760276706132763,79.45476190476221,78.65630000000014
SHY,iShares 1-3 Year Treasury Bond ETF,82.67,USD,-0.08460236886632001,-0.04836174585901589,0.08474576271187335,0.1211093617536739,0.645239834429025,0.8232209281053687,-0.03627569528416098,-4.444316014563947,-2.7983539094650154,1.7101377952755912,82.63880952380988,82.35642500000047
BSV,Vanguard Short-Term Bond ETF,78.56,USD,-0.1271294177472595,-0.10172939979653903,0.1274534794800007,0.5374968006142843,1.3285179930349558,1.761658031088082,0.4989126263272362,-5.4974136894021335,-2.2155837689818285,4.8025473849323195,78.54571428571434,77.90464999999998
HYG,iShares iBoxx $ High Yield Corporate Bond ETF,80.2,USD,-0.18668326073427688,-0.36029320412472615,-0.2983590253605108,1.8283392585068532,0.5390497680832479,1.6734279918864192,1.5446948594580892,-5.535924617196705,-4.30736188998926,-23.143275213869163,80.3414285714288,79.34824999999961
159919,HARVEST FUND MGMT,4.619,CNY,2.303433001107422,5.312357501139982,6.625115420129269,14.077550012348713,11.759012823614803,12.111650485436884,31.221590909090903,-5.541922290388547,25.17615176151761,385.69926393270237,4.380904761904762,4.110140000000001
VGSH,Vanguard Short-Term Treasury ETF,58.65,USD,-0.051124744376280055,-0.017047391749059004,0.06824773929363444,0.13658869728529674,0.6003430531732443,0.7905138339920964,-0.06815471119440987,-5.593561368209257,-8.786936236391911,-2.266272665601183,58.620952380952446,58.44157500000022
SCHO,Schwab Short-Term U.S. Treasury ETF,24.32,USD,-0.08216926869350688,-0.04110152075625981,0.04113533525298874,0.08230452674896943,0.5374121537825506,0.6622516556291397,-0.14370765756518228,-5.626697710516102,-4.251968503937001,-3.107569721115542,24.310952380952283,24.24355000000013
510330,CHINAAMC 300,4.543,CNY,2.3428700157693196,5.479452054794515,6.618164750058672,12.478336221837102,12.034525277435275,10.535279805352793,31.26264085524416,-5.746887966804982,16.15954998721555,75.88075880758807,4.306809523809524,4.075149999999999
USHY,iShares Broad USD High Yield Corporate Bond ETF,37.32,USD,-0.1337971635001262,-0.47999999999999926,-0.24057738572573192,1.9393608303742171,0.026802465826850738,1.1382113821138258,0.5929919137466276,-6.419257773319965,-10.67851728827828,-10.67851728827828,37.363571428571426,37.013600000000004
510050,50 ETF,3.066,CNY,2.541806020066877,4.002713704206237,5.180102915951966,9.735146743020753,12.886597938144316,12.184412733260144,26.276771004942336,-8.45028366676621,57.87847579814624,306.631299734748,2.937619047619047,2.7624899999999983
IAGG,iShares International Aggregate Bond Fund,50.94,USD,-0.21547502448579717,-0.33261592643318666,-0.25455257489720495,0.5924170616113688,1.6157989228007084,1.8596280743851226,-0.9527513124635466,-8.644189383070302,1.3731343283582045,1.3731343283582045,51.07261904761892,50.7081999999999
SPIB,SPDR Portfolio Intermediate Term Corporate Bond ETF,33.57,USD,-0.23774145616641396,-0.23774145616641396,0.20895522388059787,1.4199395770392715,1.7272727272727282,2.2851919561243146,0.5089820359281488,-8.97505422993493,-1.2647058823529402,10.536713862364174,33.579047619047614,33.11125
MUB,iShares National Muni Bond ETF,103.91,USD,-0.13455069678039458,-0.24001536098310292,0.32828039007434917,0.0674114021571583,-2.7059925093632966,-2.59655043119611,-3.8048509535271244,-10.668844566712513,-5.096355831582791,3.9099999999999966,103.96857142857137,105.3622000000006
VTEB,Vanguard Tax-Exempt Bond ETF,48.83,USD,-0.061399918133444815,-0.22476501838986399,0.47325102880657793,0.1641025641025606,-2.7678215850258874,-2.845204934341424,-3.8400945254037078,-10.747578139279844,-2.3595280943811234,-2.3595280943811234,48.79761904761904,49.53205000000015
IEI,iShares 3-7 Year Treasury Bond ETF,118.73,USD,-0.1933422999327419,-0.15557330866585567,0.2448497129348246,0.8322717622080713,2.2564809232624277,2.6632079550367473,-0.13457818151231946,-11.156839269679724,-4.840907269375645,18.730000000000004,118.71214285714292,117.22359999999975
TIP,iShares TIPS Bond ETF,110.17,USD,0.01815705855651023,-0.25350837483024097,0.1545454545454561,1.426993187258329,1.2498851208528623,3.1747518261846794,1.0826681346912623,-12.833293773241554,-2.1406999467045624,8.541871921182269,110.1342857142857,108.81645000000034
IGIB,iShares 5-10 Year Investment Grade Corporate Bond ETF,53.29,USD,-0.3179947624392101,-0.3739016638624095,0.43347154165095525,2.382324687800196,2.441368704344475,3.275193798449608,0.2256911792364067,-12.896371363190585,-1.9503219871205193,6.314214463840397,53.32714285714279,52.26887499999992
SCHP,Schwab U.S. TIPs ETF,26.68,USD,0,-0.22438294689603114,0.07501875468867057,1.213960546282247,1.3292821876186913,3.1709203402938915,0.7362658108363236,-13.446877534468774,-1.947813303932382,6.189054726368158,26.67619047619058,26.376049999999942
VCIT,Vanguard Intermediate-Term Corporate Bond ETF,82.86,USD,-0.30080616051016723,-0.3128007699711322,0.30262680062946373,2.2584228063680096,2.2584228063680096,3.0212607236105837,-0.01206709303729349,-14.036725801431684,-2.8946443220438285,10.421123456972737,82.93666666666665,81.39249999999981
PFF,iShares Preferred and Income Securities ETF,31.49,USD,0.0953591862682695,0.19090041361755877,1.091492776886035,5.071738405071737,-0.5055292259083733,-0.3796267004112654,-1.930862659607602,-14.055676855895202,-18.2502596053998,-37.20836235460865,31.27047619047617,31.193125
VMBS,Vanguard Mortgage-Backed Securities ETF,46.23,USD,-0.1943005181347224,-0.25889967637541433,0.41268462206776224,2.0755133583572483,1.2040280210157557,1.9854401058901359,-1.6592214422463332,-14.971491631414384,-13.313332083255206,-7.75032924931157,46.22142857142853,45.8170500000001
588000,CHINA ASSET MANAGEMENT CO SNT INNOV 50 ETF,1.322,CNY,9.43708609271524,16.475770925110137,23.551401869158877,27.36030828516378,20.291173794358514,26.993275696445743,81.84319119669877,-15.038560411311053,-15.038560411311053,-15.038560411311053,1.139666666666667,1.06838
SCHR,Schwab Intermediate-Term U.S. Treasury ETF,24.92,USD,-0.28011204481791413,-0.24019215372297326,0.20104543626859955,0.8498583569405134,2.0893076607947627,2.5092554504319335,-0.9538950715421242,-15.137067938021444,-9.10085719496625,-0.9932459276916964,24.928095238095302,24.6434
BNDX,Vanguard Total International Bond ETF,49.2,USD,-0.20283975659228054,-0.2635313196837532,-0.34433866720679485,0.20366598778004363,0.22407822367080754,0.16286644951141166,-1.4620468656118504,-15.2892561983471,-7.239819004524881,-2.766817635016267,49.320238095238004,49.2967249999999
MBB,iShares MBS ETF,93.5,USD,-0.16017084890550526,-0.2985711239070176,0.42964554242750347,1.8074912891986026,1.0592304366623477,1.6635859519408516,-1.9402202412165648,-15.484045918828524,-14.705345739828502,-7.288060754778306,93.4947619047615,92.71339999999978
VGIT,Vanguard Intermediate-Term Treasury ETF,59.57,USD,-0.2344665885111381,-0.20103869994973605,0.26931493014644625,0.9147890902930699,2.1433470507544583,2.618432385874252,-0.8653686137460528,-15.563430191353648,-9.330289193302894,-0.7208032998625015,59.57238095238081,58.87487499999998
IUSB,iShares Core Total USD Bond Market ETF,46.09,USD,-0.23809523809523686,-0.3459459459459386,0.32651284283849735,1.699029126213599,1.118911803422565,1.9239274657231415,-1.4749893116716497,-15.7865887082039,-8.515283842794757,-7.893685051958425,46.11907619047601,45.68970300000007
USIG,iShares Broad USD Investment Grade Corporate Bond ETF,51.42,USD,-0.27152831652443865,-0.3681457081960816,0.5475166210402838,2.287646707777996,1.340165549862041,2.0035707200952295,-1.1343972313016657,-16.172155200521686,-5.7378551787350975,2.236802863107665,51.44523809523796,50.79794999999987
AGG,iShares Core U.S. Aggregate Bond ETF,98.85,USD,-0.23213564796124744,-0.33272837265579,0.3757108042241981,1.551263612081355,1.1253196930946234,1.8337282373544876,-1.7493290925355383,-16.73685983827494,-10.13636363636364,-3.0882352941176525,98.91380952381034,98.03604999999996
FBND,Fidelity Total Bond ETF,45.73,USD,-0.26172300981462276,-0.34865983874483264,0.219154065307899,1.5770768547312166,0.9492273730684321,1.6222222222222153,-1.9090519090519105,-16.960232431450887,-7.7838273845533505,-8.995024875621898,45.768095238095235,45.39444999999997
BND,Vanguard Total Bond Market ETF,73.37,USD,-0.2447314751869376,-0.5152542372881295,0.36935704514365286,1.522070015220712,1.1511684014613746,1.6345754259592837,-1.7146684527796396,-17.329577464788727,-10.850546780072897,-2.264566103028349,73.41904761904743,72.77559999999968
EMB,iShares J.P. Morgan USD Emerging Markets Bond ETF,93.53,USD,-0.31972716615154767,-0.44704630122405714,1.2667821567778277,4.003113532747686,2.8593423512592038,4.666517457475383,1.5747176368375357,-17.732430292901746,-11.429924242424237,-7.432690759371614,93.33285714285724,90.86292499999972
BIV,Vanguard Intermediate-Term Bond ETF,77.15,USD,-0.29723442750063295,-0.32299741602067183,0.3511966701352891,1.6870963490180586,2.3888520238885356,3.100360817853812,-0.7844650205761309,-17.759300714209566,-9.106974552309131,2.8392428685683946,77.18809523809539,75.96770000000014
GOVT,iShares U.S. Treasury Bond ETF,22.855,USD,-0.2182929491377459,-0.3270824247710392,0.26321561745996364,1.038903625110519,1.038903625110519,1.1283185840707919,-2.07797772065124,-18.535020495455353,-9.984245766049625,-7.917039517711715,22.8745238095238,22.733275000000113
LQD,iShares iBoxx $ Investment Grade Corporate Bond ETF,109.34,USD,-0.38265306122449133,-0.5999999999999969,0.5332842956969458,2.753500610844852,1.2219959266802514,2.072442120985809,-2.2265939372261423,-19.873955737945188,-6.145922746781113,6.413625304136256,109.52190476190502,108.06485000000016
IEF,iShares 7-10 Year Treasury Bond ETF,95.24,USD,-0.2931323283082089,-0.34529664120539744,0.432352631023934,1.4162496006815017,2.1012006861063397,2.7954668105774303,-2.5079332582659464,-21.991973134572863,-12.221198156682032,15.079762576095034,95.28571428571486,94.16750000000027
TLH,iShares 10-20 Year Treasury Bond ETF,100.21,USD,-0.4569385119698103,-1.0076064407784355,0.4007614467488142,2.0780279107670285,-0.9586874876457927,0.23004600920183013,-8.207382980672353,-40.61277705345503,-27.88572251007485,-0.16935644550707482,100.72714285714297,101.05715000000002
SPTL,SPDR Portfolio Long Term Treasury ETF,26.13,USD,-0.4571428571428609,-1.097653292959889,0.422751729438891,2.110199296600231,-1.7669172932330917,-0.6085964244960066,-10.329444063143452,-45.058873002523136,-29.17739531101776,3.9173004409028414,26.28095238095226,26.52309999999992
TLT,iShares 20+ Year Treasury Bond ETF,86.41,USD,-0.49516351911562273,-1.2569992000914278,0.27851920622025633,1.9346466910463616,-2.7680882187464926,-1.583143507972666,-12.425255903516778,-48.04593554593555,-32.655287974436916,4.524011128583519,87.03666666666633,88.41160000000009